{"array":{"parser_chain":"org.apache.tika.parser.DefaultParser->org.apache.tika.parser.html.HtmlParser","Values":{"100-500":[1121,5222.5703125,18.0234375],">500":[300,651.583984375,129.0234375],"10-50":[1121,232.87890625,112.0234375],"0-10":[12121,22.5390625,111.0234375],"50-100":[456443,32225.669921875,1234.0234375]}}}