{"array":{"parser_chain":"org.apache.tika.parser.DefaultParser->org.apache.tika.parser.pdf.PDFParser","Values":{"100-500":[13212,143.015625,19.0234375],">500":[234,177.015625,37.0234375],"0-10":[23399,2334.015625,221.0234375],"10-50":[345,12.015625,12.0234375],"50-100":[234,11.015625,7.0234375]}}}