{"array":{"parser_chain":"org.apache.tika.parser.DefaultParser->org.apache.tika.parser.html.HtmlParser","Values":{"100-500":[194,67.71875,0.2734375],">500":[155,2723.36328125,1.0234375],"10-50":[19934,2433.595703125,121.2734375],"0-10":[187456,2228.056640625,179.2734375],"50-100":[1231,89.525390625,1.0234375]}}}