{"array":{"parser_chain":"org.apache.tika.parser.DefaultParser->org.apache.tika.parser.html.HtmlParser","Values":{"100-500":[17932,189.40625,31.2734375],">500":[64,118.33203125,71.0234375],"10-50":[99379,19.16015625,1.0234375],"0-10":[145325,22.61328125,21.0234375],"50-100":[129222,452.755859375,231.0234375]}}}