{"array":{"parser_chain":"org.apache.tika.parser.DefaultParser->org.apache.tika.parser.txt.TXTParser","Values":{"100-500":[18,183.970703125,0.2734375],">500":[121342,23381.962890625,0.2734375],"10-50":[1222,67.69921875,0.2734375],"0-10":[19345,11.7734375,0.2734375],"50-100":[21331,135.36328125,0.2734375]}}}